[
  {
    "source": "images/designs/swirl.png",
    "title": "Swirl",
    "parameters": {
      "zChangeable": true,
      "left": 215,
      "top": 200,
      "colors": "#000000",
      "removable": true,
      "draggable": true,
      "rotatable": true,
      "resizable": true,
      "price": 10,
      "boundingBox": "Base",
      "autoCenter": true
    }
  },
  {
    "source": "images/designs/swirl2.png",
    "title": "Swirl 2",
    "parameters": {
      "left": 215,
      "top": 200,
      "colors": "#000000",
      "removable": true,
      "draggable": true,
      "rotatable": true,
      "resizable": true,
      "price": 5,
      "boundingBox": "Base",
      "autoCenter": true
    }
  },
  {
    "source": "images/designs/swirl3.png",
    "title": "Swirl 3",
    "parameters": {
      "left": 215,
      "top": 200,
      "colors": "#000000",
      "removable": true,
      "draggable": true,
      "rotatable": true,
      "resizable": true,
      "autoCenter": true
    }
  },
  {
    "source": "images/designs/heart_blur.png",
    "title": "Heart Blur",
    "parameters": {
      "left": 215,
      "top": 200,
      "colors": "#bf0200",
      "removable": true,
      "draggable": true,
      "rotatable": true,
      "resizable": true,
      "price": 5,
      "boundingBox": "Base",
      "autoCenter": true
    }
  },
  {
    "source": "images/designs/converse.png",
    "title": "Converse",
    "parameters": {
      "left": 215,
      "top": 200,
      "colors": "#000000",
      "removable": true,
      "draggable": true,
      "rotatable": true,
      "resizable": true,
      "autoCenter": true
    }
  },
  {
    "source": "images/designs/crown.png",
    "title": "Crown",
    "parameters": {
      "left": 215,
      "top": 200,
      "colors": "#000000",
      "removable": true,
      "draggable": true,
      "rotatable": true,
      "resizable": true,
      "autoCenter": true
    }
  },
  {
    "source": "images/designs/men_women.png",
    "title": "Men hits Women",
    "parameters": {
      "left": 215,
      "top": 200,
      "colors": "#000000",
      "removable": true,
      "draggable": true,
      "rotatable": true,
      "resizable": true,
      "boundingBox": "Base",
      "autoCenter": true
    }
  }
]