[
    {
        "category": "Product Category One",
        "products": [
            [
                {
                    "title": "Front",
                    "thumbnail": "images/shirt_turq/front_turquoise.png",
                    "options": {
                        "stageWidth": "800"
                    },
                    "elements": [
                        {
                            "title": "Shadow",
                            "source": "images/shirt_turq/Shadow3.png",
                            "type": "image",
                            "parameters": {
                                "left": 400,
                                "top": 300,
                                "originX": "center",
                                "originY": "center",
                                "z": -1,
                                "fill": false,
                                "colors": false,
                                "colorLinkGroup": false,
                                "draggable": false,
                                "rotatable": false,
                                "resizable": false,
                                "removable": false,
                                "zChangeable": false,
                                "scaleX": 1,
                                "scaleY": 1,
                                "lockUniScaling": false,
                                "uniScalingUnlockable": false,
                                "angle": 0,
                                "price": 0,
                                "autoCenter": false,
                                "replaceInAllViews": false,
                                "autoSelect": false,
                                "topped": false,
                                "boundingBoxMode": "inside",
                                "opacity": 1,
                                "excludeFromExport": false,
                                "locked": false,
                                "showInColorSelection": false,
                                "boundingBox": false,
                                "resizeToW": 0,
                                "resizeToH": 0,
                                "filter": null,
                                "scaleMode": "fit",
                                "minScaleLimit": 0.01,
                                "advancedEditing": false,
                                "uploadZone": false
                            }
                        },
                        {
                            "title": "Shirt",
                            "source": "images/shirt_turq/front_turquoise.png",
                            "type": "image",
                            "parameters": {
                                "left": 400,
                                "top": 300,
                                "originX": "center",
                                "originY": "center",
                                "z": -1,
                                "fill": false,
                                "colors": [
                                    "#b33939"
                                ],
                                "colorLinkGroup": "base",
                                "draggable": 0,
                                "rotatable": 0,
                                "resizable": 0,
                                "removable": 0,
                                "zChangeable": 0,
                                "scaleX": 1,
                                "scaleY": 1,
                                "lockUniScaling": false,
                                "uniScalingUnlockable": 0,
                                "angle": 0,
                                "price": 10,
                                "autoCenter": false,
                                "replaceInAllViews": false,
                                "autoSelect": 0,
                                "topped": 0,
                                "boundingBoxMode": "inside",
                                "opacity": 1,
                                "excludeFromExport": false,
                                "locked": 0,
                                "showInColorSelection": false,
                                "boundingBox": false,
                                "resizeToW": 0,
                                "resizeToH": 0,
                                "filter": null,
                                "scaleMode": "fit",
                                "minScaleLimit": 0.01,
                                "advancedEditing": false,
                                "uploadZone": 0
                            }
                        },
                        {
                            "title": "Design",
                            "source": "images/shirt_turq/Design1.png",
                            "type": "image",
                            "parameters": {
                                "left": 410,
                                "top": 363,
                                "originX": "center",
                                "originY": "center",
                                "z": -1,
                                "fill": false,
                                "colors": [
                                    "#000"
                                ],
                                "colorLinkGroup": false,
                                "draggable": 1,
                                "rotatable": 1,
                                "resizable": 1,
                                "removable": 1,
                                "zChangeable": 1,
                                "scaleX": 1.68,
                                "scaleY": 1.68,
                                "lockUniScaling": false,
                                "uniScalingUnlockable": 0,
                                "angle": 0,
                                "price": 0,
                                "autoCenter": false,
                                "replace": "design",
                                "replaceInAllViews": false,
                                "autoSelect": 0,
                                "topped": 0,
                                "boundingBoxMode": "clipping",
                                "opacity": 1,
                                "excludeFromExport": false,
                                "locked": 0,
                                "showInColorSelection": false,
                                "boundingBox": {
                                    "x": 260,
                                    "y": 120,
                                    "width": 300,
                                    "height": 400
                                },
                                "resizeToW": 0,
                                "resizeToH": 0,
                                "filter": null,
                                "scaleMode": "fit",
                                "minScaleLimit": 0.01,
                                "advancedEditing": false,
                                "uploadZone": 0
                            }
                        },
                        {
                            "title": "Enter your text.",
                            "source": "Enter your text.",
                            "type": "text",
                            "parameters": {
                                "left": 410,
                                "top": 156,
                                "originX": "center",
                                "originY": "center",
                                "z": -1,
                                "fill": "#000000",
                                "colors": [
                                    "#000000"
                                ],
                                "colorLinkGroup": false,
                                "draggable": 1,
                                "rotatable": 1,
                                "resizable": 1,
                                "removable": 1,
                                "zChangeable": 1,
                                "scaleX": 1,
                                "scaleY": 1,
                                "lockUniScaling": true,
                                "uniScalingUnlockable": false,
                                "angle": 0,
                                "price": 0,
                                "autoCenter": false,
                                "replaceInAllViews": false,
                                "autoSelect": 0,
                                "topped": 0,
                                "boundingBoxMode": "clipping",
                                "opacity": 1,
                                "excludeFromExport": 0,
                                "locked": 0,
                                "showInColorSelection": false,
                                "boundingBox": {
                                    "x": 260,
                                    "y": 120,
                                    "width": 300,
                                    "height": 400
                                },
                                "fontFamily": "Lobster",
                                "fontSize": 38,
                                "editable": 1,
                                "lineHeight": 1,
                                "textDecoration": "normal",
                                "maxLength": 0,
                                "fontWeight": "normal",
                                "fontStyle": "normal",
                                "textAlign": "center",
                                "curvable": 1,
                                "curved": 0,
                                "curveSpacing": 10,
                                "curveRadius": 80,
                                "curveReverse": 0,
                                "stroke": null,
                                "strokeWidth": 1,
                                "maxLines": 0,
                                "letterSpacing": 0,
                                "chargeAfterEditing": false,
                                "minFontSize": 1,
                                "maxFontSize": 1000,
                                "textTransform": "none",
                                "widthFontSize": 0,
                                "textBox": 0,
                                "width": 207.97399536132812,
                                "shadowBlur": 0,
                                "shadowOffsetX": 0,
                                "shadowOffsetY": 0,
                                "textNumberPlaceholder": "none"
                            }
                        },
                        {
                            "title": "Shadow",
                            "source": "images/shirt_turq/Shadow4.png",
                            "type": "image",
                            "parameters": {
                                "left": 400,
                                "top": 300,
                                "originX": "center",
                                "originY": "center",
                                "z": -1,
                                "fill": false,
                                "colors": false,
                                "colorLinkGroup": false,
                                "draggable": false,
                                "rotatable": false,
                                "resizable": false,
                                "removable": false,
                                "zChangeable": false,
                                "scaleX": 1,
                                "scaleY": 1,
                                "lockUniScaling": false,
                                "uniScalingUnlockable": false,
                                "angle": 0,
                                "price": 0,
                                "autoCenter": false,
                                "replaceInAllViews": false,
                                "autoSelect": false,
                                "topped": 1,
                                "boundingBoxMode": "inside",
                                "opacity": 1,
                                "excludeFromExport": false,
                                "locked": 1,
                                "showInColorSelection": false,
                                "resizeToW": 0,
                                "resizeToH": 0,
                                "filter": null,
                                "scaleMode": "fit",
                                "minScaleLimit": 0.01,
                                "advancedEditing": false,
                                "uploadZone": false,
                                "adminLocked": true
                            }
                        }
                    ]
                },
                {
                    "title": "Back",
                    "thumbnail": "images/shirt_turq/back_turquoise.png",
                    "options": {
                        "stageWidth": "800"
                    },
                    "elements": [
                        {
                            "title": "Back Shadow",
                            "source": "images/shirt_turq/shadows2.png",
                            "type": "image",
                            "parameters": {
                                "left": 400,
                                "top": 316,
                                "originX": "center",
                                "originY": "center",
                                "z": -1,
                                "fill": false,
                                "colors": 0,
                                "colorLinkGroup": 0,
                                "draggable": 0,
                                "rotatable": 0,
                                "resizable": 0,
                                "removable": 0,
                                "zChangeable": 0,
                                "scaleX": 1,
                                "scaleY": 1,
                                "lockUniScaling": false,
                                "uniScalingUnlockable": 0,
                                "angle": 0,
                                "price": 0,
                                "autoCenter": false,
                                "replaceInAllViews": 0,
                                "autoSelect": 0,
                                "topped": 0,
                                "boundingBoxMode": "inside",
                                "opacity": 1,
                                "excludeFromExport": 0,
                                "locked": 0,
                                "showInColorSelection": 0,
                                "boundingBox": 0,
                                "resizeToW": 0,
                                "resizeToH": 0,
                                "filter": 0,
                                "scaleMode": "fit",
                                "minScaleLimit": 0.01,
                                "advancedEditing": 0,
                                "uploadZone": 0
                            }
                        },
                        {
                            "title": "Shirt",
                            "source": "images/shirt_turq/back_turquoise.png",
                            "type": "image",
                            "parameters": {
                                "left": 400,
                                "top": 300,
                                "originX": "center",
                                "originY": "center",
                                "z": -1,
                                "fill": false,
                                "colors": 0,
                                "colorLinkGroup": "base",
                                "draggable": 0,
                                "rotatable": 0,
                                "resizable": 0,
                                "removable": 0,
                                "zChangeable": 0,
                                "scaleX": 1,
                                "scaleY": 1,
                                "lockUniScaling": false,
                                "uniScalingUnlockable": 0,
                                "angle": 0,
                                "price": 0,
                                "autoCenter": false,
                                "replaceInAllViews": 0,
                                "autoSelect": 0,
                                "topped": 0,
                                "boundingBoxMode": "inside",
                                "opacity": 1,
                                "excludeFromExport": 0,
                                "locked": 0,
                                "showInColorSelection": 0,
                                "boundingBox": 0,
                                "resizeToW": 0,
                                "resizeToH": 0,
                                "filter": 0,
                                "scaleMode": "fit",
                                "minScaleLimit": 0.01,
                                "advancedEditing": 0,
                                "uploadZone": 0
                            }
                        },
                        {
                            "title": "Shadow",
                            "source": "images/shirt_turq/over_shadow1.png",
                            "type": "image",
                            "parameters": {
                                "left": 400,
                                "top": 300,
                                "originX": "center",
                                "originY": "center",
                                "z": -1,
                                "fill": false,
                                "colors": 0,
                                "colorLinkGroup": 0,
                                "draggable": 0,
                                "rotatable": 0,
                                "resizable": 0,
                                "removable": 0,
                                "zChangeable": false,
                                "scaleX": 1,
                                "scaleY": 1,
                                "lockUniScaling": false,
                                "uniScalingUnlockable": 0,
                                "angle": 0,
                                "price": 0,
                                "autoCenter": false,
                                "replaceInAllViews": 0,
                                "autoSelect": 0,
                                "topped": 1,
                                "boundingBoxMode": "inside",
                                "opacity": 1,
                                "excludeFromExport": 0,
                                "locked": 0,
                                "showInColorSelection": 0,
                                "boundingBox": 0,
                                "resizeToW": 0,
                                "resizeToH": 0,
                                "filter": 0,
                                "scaleMode": "fit",
                                "minScaleLimit": 0.01,
                                "advancedEditing": 0,
                                "uploadZone": 0
                            }
                        }
                    ]
                }
            ]
        ]
    },
    {
        "category": "Product Category Two",
        "products": [
            [
                {
                    "title": "Front",
                    "thumbnail": "images/shirt_brown/front_brown.png",
                    "options": {
                        "stageWidth": "800"
                    },
                    "elements": [
                        {
                            "title": "Shadow",
                            "source": "images/shirt_brown/Shadow3.png",
                            "type": "image",
                            "parameters": {
                                "left": 400,
                                "top": 300,
                                "originX": "center",
                                "originY": "center",
                                "z": -1,
                                "fill": false,
                                "colors": 0,
                                "colorLinkGroup": 0,
                                "draggable": 0,
                                "rotatable": 0,
                                "resizable": 0,
                                "removable": 0,
                                "zChangeable": 0,
                                "scaleX": 1,
                                "scaleY": 1,
                                "lockUniScaling": false,
                                "uniScalingUnlockable": 0,
                                "angle": 0,
                                "price": 0,
                                "autoCenter": 0,
                                "replaceInAllViews": 0,
                                "autoSelect": 0,
                                "topped": 0,
                                "boundingBoxMode": "inside",
                                "opacity": 1,
                                "excludeFromExport": 0,
                                "locked": 0,
                                "showInColorSelection": 0,
                                "boundingBox": 0,
                                "resizeToW": 0,
                                "resizeToH": 0,
                                "filter": 0,
                                "scaleMode": "fit",
                                "minScaleLimit": 0.01,
                                "advancedEditing": 0,
                                "uploadZone": 0
                            }
                        },
                        {
                            "title": "Shirt",
                            "source": "images/shirt_brown/front_brown.png",
                            "type": "image",
                            "parameters": {
                                "left": 400,
                                "top": 300,
                                "originX": "center",
                                "originY": "center",
                                "z": -1,
                                "fill": false,
                                "colors": [
                                    "#b33939"
                                ],
                                "colorLinkGroup": "base",
                                "draggable": 0,
                                "rotatable": 0,
                                "resizable": 0,
                                "removable": 0,
                                "zChangeable": 0,
                                "scaleX": 1,
                                "scaleY": 1,
                                "lockUniScaling": false,
                                "uniScalingUnlockable": 0,
                                "angle": 0,
                                "price": 10,
                                "autoCenter": 0,
                                "replaceInAllViews": 0,
                                "autoSelect": 0,
                                "topped": 0,
                                "boundingBoxMode": "inside",
                                "opacity": 1,
                                "excludeFromExport": 0,
                                "locked": 0,
                                "showInColorSelection": 0,
                                "boundingBox": 0,
                                "resizeToW": 0,
                                "resizeToH": 0,
                                "filter": 0,
                                "scaleMode": "fit",
                                "minScaleLimit": 0.01,
                                "advancedEditing": 0,
                                "uploadZone": 0
                            }
                        },
                        {
                            "title": "Design",
                            "source": "images/shirt_brown/Design1.png",
                            "type": "image",
                            "parameters": {
                                "left": 400,
                                "top": 363,
                                "originX": "center",
                                "originY": "center",
                                "z": -1,
                                "fill": false,
                                "colors": [
                                    "#000"
                                ],
                                "colorLinkGroup": 0,
                                "draggable": 1,
                                "rotatable": 1,
                                "resizable": 1,
                                "removable": 1,
                                "zChangeable": 1,
                                "scaleX": 1.68,
                                "scaleY": 1.68,
                                "lockUniScaling": false,
                                "uniScalingUnlockable": 0,
                                "angle": 0,
                                "price": 0,
                                "autoCenter": 0,
                                "replace": "design",
                                "replaceInAllViews": 0,
                                "autoSelect": 0,
                                "topped": 0,
                                "boundingBoxMode": "clipping",
                                "opacity": 1,
                                "excludeFromExport": 0,
                                "locked": 0,
                                "showInColorSelection": 0,
                                "boundingBox": 0,
                                "resizeToW": 0,
                                "resizeToH": 0,
                                "filter": 0,
                                "scaleMode": "fit",
                                "minScaleLimit": 0.01,
                                "advancedEditing": 0,
                                "uploadZone": 0
                            }
                        },
                        {
                            "title": "Enter your text.",
                            "source": "Enter your text.",
                            "type": "text",
                            "parameters": {
                                "left": 400,
                                "top": 155,
                                "originX": "center",
                                "originY": "center",
                                "z": -1,
                                "fill": "#000000",
                                "colors": [
                                    "#000000"
                                ],
                                "colorLinkGroup": 0,
                                "draggable": 1,
                                "rotatable": 1,
                                "resizable": 1,
                                "removable": 1,
                                "zChangeable": 1,
                                "scaleX": 1,
                                "scaleY": 1,
                                "lockUniScaling": 1,
                                "uniScalingUnlockable": 0,
                                "angle": 0,
                                "price": 0,
                                "autoCenter": 0,
                                "replaceInAllViews": 0,
                                "autoSelect": 0,
                                "topped": 0,
                                "boundingBoxMode": "clipping",
                                "opacity": 1,
                                "excludeFromExport": 0,
                                "locked": 0,
                                "showInColorSelection": 0,
                                "boundingBox": 0,
                                "fontFamily": "Lobster",
                                "fontSize": 38,
                                "editable": 1,
                                "lineHeight": 1,
                                "textDecoration": "normal",
                                "maxLength": 0,
                                "fontWeight": "normal",
                                "fontStyle": "normal",
                                "textAlign": "center",
                                "curvable": 1,
                                "curved": 0,
                                "curveSpacing": 10,
                                "curveRadius": 80,
                                "curveReverse": 0,
                                "stroke": 0,
                                "strokeWidth": 0,
                                "maxLines": 0,
                                "letterSpacing": 0,
                                "chargeAfterEditing": 0,
                                "minFontSize": 1,
                                "maxFontSize": 1000,
                                "textTransform": "none",
                                "widthFontSize": 0,
                                "textBox": 0,
                                "shadowBlur": 0,
                                "shadowOffsetX": 0,
                                "shadowOffsetY": 0,
                                "textNumberPlaceholder": "none"
                            }
                        },
                        {
                            "title": "Shadow",
                            "source": "images/shirt_brown/Shadow4.png",
                            "type": "image",
                            "parameters": {
                                "left": 400,
                                "top": 300,
                                "originX": "center",
                                "originY": "center",
                                "z": -1,
                                "fill": false,
                                "colors": 0,
                                "colorLinkGroup": 0,
                                "draggable": 0,
                                "rotatable": 0,
                                "resizable": 0,
                                "removable": 0,
                                "zChangeable": false,
                                "scaleX": 1,
                                "scaleY": 1,
                                "lockUniScaling": false,
                                "uniScalingUnlockable": 0,
                                "angle": 0,
                                "price": 0,
                                "autoCenter": 0,
                                "replaceInAllViews": 0,
                                "autoSelect": 0,
                                "topped": 1,
                                "boundingBoxMode": "inside",
                                "opacity": 1,
                                "excludeFromExport": 0,
                                "locked": 1,
                                "showInColorSelection": 0,
                                "boundingBox": 0,
                                "resizeToW": 0,
                                "resizeToH": 0,
                                "filter": 0,
                                "scaleMode": "fit",
                                "minScaleLimit": 0.01,
                                "advancedEditing": 0,
                                "uploadZone": 0,
                                "adminLocked": 1
                            }
                        }
                    ]
                },
                {
                    "title": "Back",
                    "thumbnail": "images/shirt_brown/back_brown.png",
                    "options": {
                        "stageWidth": "800"
                    },
                    "elements": [
                        {
                            "title": "Back Shadow",
                            "source": "images/shirt_brown/shadows2.png",
                            "type": "image",
                            "parameters": {
                                "left": 400,
                                "top": 316,
                                "originX": "center",
                                "originY": "center",
                                "z": -1,
                                "fill": false,
                                "colors": 0,
                                "colorLinkGroup": 0,
                                "draggable": 0,
                                "rotatable": 0,
                                "resizable": 0,
                                "removable": 0,
                                "zChangeable": 0,
                                "scaleX": 1,
                                "scaleY": 1,
                                "lockUniScaling": false,
                                "uniScalingUnlockable": 0,
                                "angle": 0,
                                "price": 0,
                                "autoCenter": false,
                                "replaceInAllViews": 0,
                                "autoSelect": 0,
                                "topped": 0,
                                "boundingBoxMode": "inside",
                                "opacity": 1,
                                "excludeFromExport": 0,
                                "locked": 0,
                                "showInColorSelection": 0,
                                "boundingBox": 0,
                                "resizeToW": 0,
                                "resizeToH": 0,
                                "filter": 0,
                                "scaleMode": "fit",
                                "minScaleLimit": 0.01,
                                "advancedEditing": 0,
                                "uploadZone": 0
                            }
                        },
                        {
                            "title": "Shirt",
                            "source": "images/shirt_brown/back_brown.png",
                            "type": "image",
                            "parameters": {
                                "left": 400,
                                "top": 300,
                                "originX": "center",
                                "originY": "center",
                                "z": -1,
                                "fill": false,
                                "colors": 0,
                                "colorLinkGroup": "base",
                                "draggable": 0,
                                "rotatable": 0,
                                "resizable": 0,
                                "removable": 0,
                                "zChangeable": 0,
                                "scaleX": 1,
                                "scaleY": 1,
                                "lockUniScaling": false,
                                "uniScalingUnlockable": 0,
                                "angle": 0,
                                "price": 0,
                                "autoCenter": false,
                                "replaceInAllViews": 0,
                                "autoSelect": 0,
                                "topped": 0,
                                "boundingBoxMode": "inside",
                                "opacity": 1,
                                "excludeFromExport": 0,
                                "locked": 0,
                                "showInColorSelection": 0,
                                "boundingBox": 0,
                                "resizeToW": 0,
                                "resizeToH": 0,
                                "filter": 0,
                                "scaleMode": "fit",
                                "minScaleLimit": 0.01,
                                "advancedEditing": 0,
                                "uploadZone": 0
                            }
                        },
                        {
                            "title": "Shadow",
                            "source": "images/shirt_brown/over_shadow1.png",
                            "type": "image",
                            "parameters": {
                                "left": 400,
                                "top": 300,
                                "originX": "center",
                                "originY": "center",
                                "z": -1,
                                "fill": false,
                                "colors": 0,
                                "colorLinkGroup": 0,
                                "draggable": 0,
                                "rotatable": 0,
                                "resizable": 0,
                                "removable": 0,
                                "zChangeable": false,
                                "scaleX": 1,
                                "scaleY": 1,
                                "lockUniScaling": false,
                                "uniScalingUnlockable": 0,
                                "angle": 0,
                                "price": 0,
                                "autoCenter": false,
                                "replaceInAllViews": 0,
                                "autoSelect": 0,
                                "topped": 1,
                                "boundingBoxMode": "inside",
                                "opacity": 1,
                                "excludeFromExport": 0,
                                "locked": 0,
                                "showInColorSelection": 0,
                                "boundingBox": 0,
                                "resizeToW": 0,
                                "resizeToH": 0,
                                "filter": 0,
                                "scaleMode": "fit",
                                "minScaleLimit": 0.01,
                                "advancedEditing": 0,
                                "uploadZone": 0
                            }
                        }
                    ]
                }
            ]
        ]
    }
]